ISO,scenario,headroom_additive_shift_GW,first_negative_annual_year,first_negative_interpolated_year,margin_2035_GW,shortfall_2035_GW
PJM,low,-3,2034,2033.4874273656983,-2.9746400043173216,2.9746400043173216
PJM,low,-2,2034,2033.9767173973878,-1.9746400043173216,1.9746400043173216
PJM,low,-1,2035,2034.4942335689882,-0.9746400043173217,0.9746400043173217
PJM,low,0,>2035,,0.025359995682678344,0.0
PJM,low,1,>2035,,1.0253599956826784,0.0
PJM,low,2,>2035,,2.0253599956826784,0.0
PJM,low,3,>2035,,3.0253599956826784,0.0
PJM,mid,-3,2032,2031.2597993149889,-9.043145972049972,9.043145972049972
PJM,mid,-2,2032,2031.6357069941039,-8.043145972049972,8.043145972049972
PJM,mid,-1,2033,2032.012417164368,-7.043145972049971,7.043145972049971
PJM,mid,0,2033,2032.4142973852456,-6.043145972049971,6.043145972049971
PJM,mid,1,2033,2032.8161776061231,-5.043145972049971,5.043145972049971
PJM,mid,2,2034,2033.2310589423494,-4.043145972049971,4.043145972049971
PJM,mid,3,2034,2033.6569001976914,-3.0431459720499716,3.0431459720499716
PJM,high,-3,2030,2029.6342065501167,-15.997871944451768,15.997871944451768
PJM,high,-2,2030,2029.9219389604302,-14.997871944451768,14.997871944451768
PJM,high,-1,2031,2030.2190278307223,-13.997871944451768,13.997871944451768
PJM,high,0,2031,2030.5196001283898,-12.997871944451768,12.997871944451768
PJM,high,1,2031,2030.820172426057,-11.997871944451768,11.997871944451768
PJM,high,2,2032,2031.1294373262979,-10.997871944451768,10.997871944451768
PJM,high,3,2032,2031.4516482964273,-9.997871944451768,9.997871944451768
MISO,low,-3,2027,2026.9268129620557,-7.521088694406546,7.521088694406546
MISO,low,-2,2028,2027.2669618396512,-6.521088694406546,6.521088694406546
MISO,low,-1,2028,2027.6030230813699,-5.521088694406546,5.521088694406546
MISO,low,0,2028,2027.9390843230885,-4.521088694406546,4.521088694406546
MISO,low,1,2029,2028.2953944053077,-3.521088694406546,3.521088694406546
MISO,low,2,2029,2028.6561874666606,-2.521088694406546,2.521088694406546
MISO,low,3,2030,2029.064338434799,-1.521088694406546,1.521088694406546
MISO,mid,-3,2027,2026.6101784067557,-8.97744813869023,8.97744813869023
MISO,mid,-2,2027,2026.9124612436012,-7.97744813869023,7.97744813869023
MISO,mid,-1,2028,2027.1911159766978,-6.97744813869023,6.97744813869023
MISO,mid,0,2028,2027.460138896829,-5.97744813869023,5.97744813869023
MISO,mid,1,2028,2027.7291618169604,-4.97744813869023,4.97744813869023
MISO,mid,2,2028,2027.9981847370916,-3.97744813869023,3.97744813869023
MISO,mid,3,2029,2028.3490600070963,-2.97744813869023,2.97744813869023
MISO,high,-3,2027,2026.3853203073209,-10.572660901854778,10.572660901854778
MISO,high,-2,2027,2026.6462561076146,-9.572660901854778,9.572660901854778
MISO,high,-1,2027,2026.9071919079083,-8.572660901854778,8.572660901854778
MISO,high,0,2028,2027.1420677976487,-7.57266090185478,7.57266090185478
MISO,high,1,2028,2027.3625583692017,-6.57266090185478,6.57266090185478
MISO,high,2,2028,2027.583048940755,-5.57266090185478,5.57266090185478
MISO,high,3,2028,2027.803539512308,-4.57266090185478,4.57266090185478
SPP,low,-3,2027,2026.0447898655962,-3.552868559272587,3.552868559272587
SPP,low,-2,2027,2026.8533524916995,-2.552868559272587,2.552868559272587
SPP,low,-1,2028,2027.7445771699956,-1.552868559272587,1.552868559272587
SPP,low,0,2030,2029.2351194437217,-0.5528685592725869,0.5528685592725869
SPP,low,1,>2035,,0.44713144072741307,0.0
SPP,low,2,>2035,,1.447131440727413,0.0
SPP,low,3,>2035,,2.447131440727413,0.0
SPP,mid,-3,2026,2025.5813323546163,-5.310275476751692,5.310275476751692
SPP,mid,-2,2027,2026.1674781579993,-4.310275476751692,4.310275476751692
SPP,mid,-1,2027,2026.67153303038,-3.3102754767516926,3.3102754767516926
SPP,mid,0,2028,2027.1710618587301,-2.3102754767516926,2.3102754767516926
SPP,mid,1,2028,2027.6621239536453,-1.3102754767516926,1.3102754767516926
SPP,mid,2,2029,2028.4799571021729,-0.31027547675169265,0.31027547675169265
SPP,mid,3,>2035,,0.6897245232483074,0.0
SPP,high,-3,2026,2025.3497303972426,-7.258960481171314,7.258960481171314
SPP,high,-2,2026,2025.8340821238567,-6.258960481171314,6.258960481171314
SPP,high,-1,2027,2026.237327215296,-5.258960481171314,5.258960481171314
SPP,high,0,2027,2026.5983122246828,-4.258960481171314,4.258960481171314
SPP,high,1,2027,2026.9592972340693,-3.2589604811713144,3.2589604811713144
SPP,high,2,2028,2027.2843136838044,-2.2589604811713144,2.2589604811713144
SPP,high,3,2028,2027.6047591031618,-1.2589604811713142,1.2589604811713142
ERCOT,low,-3,>2035,,7.579797157111225,0.0
ERCOT,low,-2,>2035,,8.579797157111225,0.0
ERCOT,low,-1,>2035,,9.579797157111225,0.0
ERCOT,low,0,>2035,,10.579797157111225,0.0
ERCOT,low,1,>2035,,11.579797157111225,0.0
ERCOT,low,2,>2035,,12.579797157111225,0.0
ERCOT,low,3,>2035,,13.579797157111225,0.0
ERCOT,mid,-3,>2035,,5.9504922645463445,0.0
ERCOT,mid,-2,>2035,,6.9504922645463445,0.0
ERCOT,mid,-1,>2035,,7.9504922645463445,0.0
ERCOT,mid,0,>2035,,8.950492264546345,0.0
ERCOT,mid,1,>2035,,9.950492264546345,0.0
ERCOT,mid,2,>2035,,10.950492264546345,0.0
ERCOT,mid,3,>2035,,11.950492264546345,0.0
ERCOT,high,-3,>2035,,4.144239269980295,0.0
ERCOT,high,-2,>2035,,5.144239269980295,0.0
ERCOT,high,-1,>2035,,6.144239269980295,0.0
ERCOT,high,0,>2035,,7.144239269980295,0.0
ERCOT,high,1,>2035,,8.144239269980295,0.0
ERCOT,high,2,>2035,,9.144239269980295,0.0
ERCOT,high,3,>2035,,10.144239269980295,0.0
CAISO,low,-3,>2035,,14.979924969731103,0.0
CAISO,low,-2,>2035,,15.979924969731103,0.0
CAISO,low,-1,>2035,,16.9799249697311,0.0
CAISO,low,0,>2035,,17.9799249697311,0.0
CAISO,low,1,>2035,,18.9799249697311,0.0
CAISO,low,2,>2035,,19.9799249697311,0.0
CAISO,low,3,>2035,,20.9799249697311,0.0
CAISO,mid,-3,>2035,,14.126406561460565,0.0
CAISO,mid,-2,>2035,,15.126406561460565,0.0
CAISO,mid,-1,>2035,,16.126406561460563,0.0
CAISO,mid,0,>2035,,17.126406561460563,0.0
CAISO,mid,1,>2035,,18.126406561460563,0.0
CAISO,mid,2,>2035,,19.126406561460563,0.0
CAISO,mid,3,>2035,,20.126406561460563,0.0
CAISO,high,-3,>2035,,13.139189035585398,0.0
CAISO,high,-2,>2035,,14.139189035585398,0.0
CAISO,high,-1,>2035,,15.139189035585398,0.0
CAISO,high,0,>2035,,16.139189035585396,0.0
CAISO,high,1,>2035,,17.139189035585396,0.0
CAISO,high,2,>2035,,18.139189035585396,0.0
CAISO,high,3,>2035,,19.139189035585396,0.0
NYISO,low,-3,>2035,,1.7542150921057174,0.0
NYISO,low,-2,>2035,,2.754215092105717,0.0
NYISO,low,-1,>2035,,3.754215092105717,0.0
NYISO,low,0,>2035,,4.754215092105717,0.0
NYISO,low,1,>2035,,5.754215092105717,0.0
NYISO,low,2,>2035,,6.754215092105717,0.0
NYISO,low,3,>2035,,7.754215092105717,0.0
NYISO,mid,-3,>2035,,1.685411383070129,0.0
NYISO,mid,-2,>2035,,2.685411383070129,0.0
NYISO,mid,-1,>2035,,3.685411383070129,0.0
NYISO,mid,0,>2035,,4.685411383070129,0.0
NYISO,mid,1,>2035,,5.685411383070129,0.0
NYISO,mid,2,>2035,,6.685411383070129,0.0
NYISO,mid,3,>2035,,7.685411383070129,0.0
NYISO,high,-3,>2035,,1.6129950029676148,0.0
NYISO,high,-2,>2035,,2.6129950029676148,0.0
NYISO,high,-1,>2035,,3.6129950029676148,0.0
NYISO,high,0,>2035,,4.612995002967614,0.0
NYISO,high,1,>2035,,5.612995002967614,0.0
NYISO,high,2,>2035,,6.612995002967614,0.0
NYISO,high,3,>2035,,7.612995002967614,0.0
ISO-NE,low,-3,>2035,,2.1639625159244678,0.0
ISO-NE,low,-2,>2035,,3.1639625159244678,0.0
ISO-NE,low,-1,>2035,,4.163962515924468,0.0
ISO-NE,low,0,>2035,,5.163962515924468,0.0
ISO-NE,low,1,>2035,,6.163962515924468,0.0
ISO-NE,low,2,>2035,,7.163962515924468,0.0
ISO-NE,low,3,>2035,,8.163962515924467,0.0
ISO-NE,mid,-3,>2035,,2.137396975522637,0.0
ISO-NE,mid,-2,>2035,,3.137396975522637,0.0
ISO-NE,mid,-1,>2035,,4.137396975522637,0.0
ISO-NE,mid,0,>2035,,5.137396975522637,0.0
ISO-NE,mid,1,>2035,,6.137396975522637,0.0
ISO-NE,mid,2,>2035,,7.137396975522637,0.0
ISO-NE,mid,3,>2035,,8.137396975522638,0.0
ISO-NE,high,-3,>2035,,2.107068414649176,0.0
ISO-NE,high,-2,>2035,,3.107068414649176,0.0
ISO-NE,high,-1,>2035,,4.107068414649175,0.0
ISO-NE,high,0,>2035,,5.107068414649175,0.0
ISO-NE,high,1,>2035,,6.107068414649175,0.0
ISO-NE,high,2,>2035,,7.107068414649175,0.0
ISO-NE,high,3,>2035,,8.107068414649175,0.0
